{
  "personal": {
    "name": "Fernando Papito",
    "email": "papito@teste.com.br",
    "phone": "11 99999-1000",
    "consultancyType": "Individual",
    "personType": "cpf",
    "document": "81719450072",
    "discoveryChannels": [
      "Instagram",
      "LinkedIn",
      "Udemy",
      "YouTube",
      "Indicação de Amigo"
    ],
    "file": "./cypress/fixtures/document.pdf",
    "description": "Lorem ipsum dolor sit amet",
    "techs": [
      "Cypress",
      "Selenium",
      "WebDriverIO",
      "Playwright",
      "Robot Framework"
    ],
    "terms": true
  },
  "company": {
    "name": "Fernando Papito",
    "email": "papito@teste.com.br",
    "phone": "11 99999-1000",
    "consultancyType": "In Company",
    "personType": "cnpj",
    "document": "86058268000108",
    "discoveryChannels": [
      "LinkedIn"
    ],
    "file": "./cypress/fixtures/document.pdf",
    "description": "Lorem ipsum dolor sit amet",
    "techs": [
      "Cypress"
    ],
    "terms": true
  }
}